position,temperature
0,100.000000
1,99.973008
2,99.946016
3,99.919023
4,99.892031
5,99.865039
6,99.838047
7,99.811054
8,99.784062
9,99.757070
10,99.730078
11,99.703086
12,99.676094
13,99.649101
14,99.622109
15,99.595117
16,99.568125
17,99.541133
18,99.514141
19,99.487149
20,99.460157
21,99.433165
22,99.406173
23,99.379182
24,99.352190
25,99.325198
26,99.298206
27,99.271215
28,99.244223
29,99.217231
30,99.190240
31,99.163248
32,99.136257
33,99.109265
34,99.082274
35,99.055282
36,99.028291
37,99.001300
38,98.974309
39,98.947318
40,98.920327
41,98.893336
42,98.866345
43,98.839354
44,98.812363
45,98.785372
46,98.758382
47,98.731391
48,98.704401
49,98.677410
50,98.650420
51,98.623429
52,98.596439
53,98.569449
54,98.542459
55,98.515469
56,98.488479
57,98.461489
58,98.434500
59,98.407510
60,98.380520
61,98.353531
62,98.326541
63,98.299552
64,98.272563
65,98.245574
66,98.218585
67,98.191596
68,98.164607
69,98.137619
70,98.110630
71,98.083642
72,98.056653
73,98.029665
74,98.002677
75,97.975689
76,97.948701
77,97.921713
78,97.894725
79,97.867738
80,97.840750
81,97.813763
82,97.786776
83,97.759789
84,97.732802
85,97.705815
86,97.678828
87,97.651842
88,97.624855
89,97.597869
90,97.570883
91,97.543897
92,97.516911
93,97.489925
94,97.462940
95,97.435954
96,97.408969
97,97.381984
98,97.354999
99,97.328014
100,97.301029
101,97.274044
102,97.247060
103,97.220076
104,97.193092
105,97.166108
106,97.139124
107,97.112140
108,97.085157
109,97.058173
110,97.031190
111,97.004207
112,96.977224
113,96.950242
114,96.923259
115,96.896277
116,96.869295
117,96.842313
118,96.815331
119,96.788350
120,96.761368
121,96.734387
122,96.707406
123,96.680425
124,96.653444
125,96.626464
126,96.599484
127,96.572503
128,96.545524
129,96.518544
130,96.491564
131,96.464585
132,96.437606
133,96.410627
134,96.383648
135,96.356670
136,96.329691
137,96.302713
138,96.275735
139,96.248758
140,96.221780
141,96.194803
142,96.167826
143,96.140849
144,96.113872
145,96.086896
146,96.059920
147,96.032944
148,96.005968
149,95.978992
150,95.952017
151,95.925042
152,95.898067
153,95.871093
154,95.844118
155,95.817144
156,95.790170
157,95.763197
158,95.736223
159,95.709250
160,95.682277
161,95.655304
162,95.628332
163,95.601359
164,95.574387
165,95.547416
166,95.520444
167,95.493473
168,95.466502
169,95.439531
170,95.412561
171,95.385591
172,95.358621
173,95.331651
174,95.304682
175,95.277712
176,95.250743
177,95.223775
178,95.196806
179,95.169838
180,95.142871
181,95.115903
182,95.088936
183,95.061969
184,95.035002
185,95.008035
186,94.981069
187,94.954103
188,94.927138
189,94.900172
190,94.873207
191,94.846243
192,94.819278
193,94.792314
194,94.765350
195,94.738387
196,94.711423
197,94.684460
198,94.657498
199,94.630535
200,94.603573
201,94.576611
202,94.549650
203,94.522689
204,94.495728
205,94.468767
206,94.441807
207,94.414847
208,94.387887
209,94.360928
210,94.333969
211,94.307010
212,94.280052
213,94.253094
214,94.226136
215,94.199179
216,94.172222
217,94.145265
218,94.118308
219,94.091352
220,94.064396
221,94.037441
222,94.010486
223,93.983531
224,93.956577
225,93.929623
226,93.902669
227,93.875715
228,93.848762
229,93.821810
230,93.794857
231,93.767905
232,93.740954
233,93.714002
234,93.687051
235,93.660101
236,93.633150
237,93.606200
238,93.579251
239,93.552302
240,93.525353
241,93.498404
242,93.471456
243,93.444508
244,93.417561
245,93.390614
246,93.363667
247,93.336721
248,93.309775
249,93.282830
250,93.255885
251,93.228940
252,93.201995
253,93.175051
254,93.148108
255,93.121164
256,93.094222
257,93.067279
258,93.040337
259,93.013395
260,92.986454
261,92.959513
262,92.932572
263,92.905632
264,92.878693
265,92.851753
266,92.824814
267,92.797876
268,92.770938
269,92.744000
270,92.717063
271,92.690126
272,92.663189
273,92.636253
274,92.609317
275,92.582382
276,92.555447
277,92.528513
278,92.501579
279,92.474645
280,92.447712
281,92.420779
282,92.393847
283,92.366915
284,92.339983
285,92.313052
286,92.286122
287,92.259191
288,92.232262
289,92.205332
290,92.178403
291,92.151475
292,92.124547
293,92.097619
294,92.070692
295,92.043765
296,92.016839
297,91.989913
298,91.962988
299,91.936063
300,91.909138
301,91.882214
302,91.855291
303,91.828368
304,91.801445
305,91.774523
306,91.747601
307,91.720680
308,91.693759
309,91.666839
310,91.639919
311,91.612999
312,91.586080
313,91.559162
314,91.532244
315,91.505326
316,91.478409
317,91.451492
318,91.424576
319,91.397661
320,91.370745
321,91.343831
322,91.316917
323,91.290003
324,91.263090
325,91.236177
326,91.209265
327,91.182353
328,91.155441
329,91.128531
330,91.101620
331,91.074711
332,91.047801
333,91.020892
334,90.993984
335,90.967076
336,90.940169
337,90.913262
338,90.886356
339,90.859450
340,90.832545
341,90.805640
342,90.778736
343,90.751832
344,90.724929
345,90.698026
346,90.671124
347,90.644222
348,90.617321
349,90.590420
350,90.563520
351,90.536621
352,90.509721
353,90.482823
354,90.455925
355,90.429027
356,90.402130
357,90.375234
358,90.348338
359,90.321443
360,90.294548
361,90.267654
362,90.240760
363,90.213867
364,90.186974
365,90.160082
366,90.133191
367,90.106300
368,90.079409
369,90.052519
370,90.025630
371,89.998741
372,89.971853
373,89.944965
374,89.918078
375,89.891191
376,89.864305
377,89.837420
378,89.810535
379,89.783651
380,89.756767
381,89.729884
382,89.703001
383,89.676119
384,89.649238
385,89.622357
386,89.595477
387,89.568597
388,89.541718
389,89.514839
390,89.487961
391,89.461084
392,89.434207
393,89.407331
394,89.380455
395,89.353580
396,89.326705
397,89.299832
398,89.272958
399,89.246086
400,89.219213
401,89.192342
402,89.165471
403,89.138601
404,89.111731
405,89.084862
406,89.057993
407,89.031126
408,89.004258
409,88.977392
410,88.950526
411,88.923660
412,88.896795
413,88.869931
414,88.843067
415,88.816204
416,88.789342
417,88.762480
418,88.735619
419,88.708759
420,88.681899
421,88.655040
422,88.628181
423,88.601323
424,88.574466
425,88.547609
426,88.520753
427,88.493897
428,88.467043
429,88.440188
430,88.413335
431,88.386482
432,88.359630
433,88.332778
434,88.305927
435,88.279077
436,88.252227
437,88.225378
438,88.198530
439,88.171682
440,88.144835
441,88.117988
442,88.091143
443,88.064297
444,88.037453
445,88.010609
446,87.983766
447,87.956924
448,87.930082
449,87.903241
450,87.876400
451,87.849560
452,87.822721
453,87.795883
454,87.769045
455,87.742208
456,87.715372
457,87.688536
458,87.661701
459,87.634866
460,87.608033
461,87.581200
462,87.554367
463,87.527536
464,87.500705
465,87.473874
466,87.447045
467,87.420216
468,87.393388
469,87.366560
470,87.339733
471,87.312907
472,87.286082
473,87.259257
474,87.232433
475,87.205610
476,87.178787
477,87.151965
478,87.125144
479,87.098324
480,87.071504
481,87.044685
482,87.017867
483,86.991049
484,86.964232
485,86.937416
486,86.910600
487,86.883786
488,86.856972
489,86.830158
490,86.803346
491,86.776534
492,86.749723
493,86.722912
494,86.696103
495,86.669294
496,86.642486
497,86.615678
498,86.588871
499,86.562065
500,86.535260
501,86.508456
502,86.481652
503,86.454849
504,86.428046
505,86.401245
506,86.374444
507,86.347644
508,86.320845
509,86.294046
510,86.267248
511,86.240451
512,86.213655
513,86.186860
514,86.160065
515,86.133271
516,86.106478
517,86.079685
518,86.052893
519,86.026102
520,85.999312
521,85.972523
522,85.945734
523,85.918946
524,85.892159
525,85.865373
526,85.838587
527,85.811802
528,85.785018
529,85.758235
530,85.731453
531,85.704671
532,85.677890
533,85.651110
534,85.624331
535,85.597552
536,85.570775
537,85.543998
538,85.517222
539,85.490446
540,85.463672
541,85.436898
542,85.410125
543,85.383353
544,85.356581
545,85.329811
546,85.303041
547,85.276272
548,85.249504
549,85.222737
550,85.195970
551,85.169204
552,85.142439
553,85.115675
554,85.088912
555,85.062150
556,85.035388
557,85.008627
558,84.981867
559,84.955108
560,84.928350
561,84.901592
562,84.874835
563,84.848079
564,84.821324
565,84.794570
566,84.767817
567,84.741064
568,84.714312
569,84.687561
570,84.660811
571,84.634062
572,84.607314
573,84.580566
574,84.553819
575,84.527074
576,84.500329
577,84.473584
578,84.446841
579,84.420099
580,84.393357
581,84.366616
582,84.339876
583,84.313137
584,84.286399
585,84.259662
586,84.232925
587,84.206189
588,84.179455
589,84.152721
590,84.125988
591,84.099255
592,84.072524
593,84.045794
594,84.019064
595,83.992335
596,83.965607
597,83.938880
598,83.912154
599,83.885429
600,83.858705
601,83.831981
602,83.805259
603,83.778537
604,83.751816
605,83.725096
606,83.698377
607,83.671659
608,83.644942
609,83.618225
610,83.591510
611,83.564795
612,83.538082
613,83.511369
614,83.484657
615,83.457946
616,83.431236
617,83.404526
618,83.377818
619,83.351111
620,83.324404
621,83.297698
622,83.270994
623,83.244290
624,83.217587
625,83.190885
626,83.164184
627,83.137484
628,83.110785
629,83.084086
630,83.057389
631,83.030692
632,83.003997
633,82.977302
634,82.950608
635,82.923916
636,82.897224
637,82.870533
638,82.843843
639,82.817154
640,82.790466
641,82.763778
642,82.737092
643,82.710407
644,82.683722
645,82.657039
646,82.630356
647,82.603675
648,82.576994
649,82.550314
650,82.523636
651,82.496958
652,82.470281
653,82.443605
654,82.416930
655,82.390256
656,82.363583
657,82.336911
658,82.310240
659,82.283569
660,82.256900
661,82.230232
662,82.203565
663,82.176898
664,82.150233
665,82.123568
666,82.096905
667,82.070242
668,82.043581
669,82.016920
670,81.990261
671,81.963602
672,81.936944
673,81.910288
674,81.883632
675,81.856977
676,81.830324
677,81.803671
678,81.777019
679,81.750368
680,81.723718
681,81.697070
682,81.670422
683,81.643775
684,81.617129
685,81.590484
686,81.563840
687,81.537197
688,81.510555
689,81.483915
690,81.457275
691,81.430636
692,81.403998
693,81.377361
694,81.350725
695,81.324090
696,81.297456
697,81.270823
698,81.244192
699,81.217561
700,81.190931
701,81.164302
702,81.137674
703,81.111047
704,81.084422
705,81.057797
706,81.031173
707,81.004550
708,80.977928
709,80.951308
710,80.924688
711,80.898069
712,80.871452
713,80.844835
714,80.818220
715,80.791605
716,80.764992
717,80.738379
718,80.711768
719,80.685157
720,80.658548
721,80.631940
722,80.605332
723,80.578726
724,80.552121
725,80.525517
726,80.498914
727,80.472311
728,80.445710
729,80.419110
730,80.392511
731,80.365914
732,80.339317
733,80.312721
734,80.286126
735,80.259533
736,80.232940
737,80.206348
738,80.179758
739,80.153168
740,80.126580
741,80.099993
742,80.073407
743,80.046821
744,80.020237
745,79.993654
746,79.967072
747,79.940491
748,79.913911
749,79.887333
750,79.860755
751,79.834178
752,79.807603
753,79.781028
754,79.754455
755,79.727883
756,79.701312
757,79.674741
758,79.648172
759,79.621604
760,79.595038
761,79.568472
762,79.541907
763,79.515344
764,79.488781
765,79.462220
766,79.435659
767,79.409100
768,79.382542
769,79.355985
770,79.329429
771,79.302874
772,79.276321
773,79.249768
774,79.223216
775,79.196666
776,79.170117
777,79.143569
778,79.117022
779,79.090476
780,79.063931
781,79.037387
782,79.010844
783,78.984303
784,78.957762
785,78.931223
786,78.904685
787,78.878148
788,78.851612
789,78.825077
790,78.798544
791,78.772011
792,78.745480
793,78.718950
794,78.692420
795,78.665892
796,78.639366
797,78.612840
798,78.586315
799,78.559792
800,78.533269
801,78.506748
802,78.480228
803,78.453709
804,78.427192
805,78.400675
806,78.374159
807,78.347645
808,78.321132
809,78.294620
810,78.268109
811,78.241599
812,78.215091
813,78.188583
814,78.162077
815,78.135572
816,78.109068
817,78.082565
818,78.056064
819,78.029563
820,78.003064
821,77.976566
822,77.950069
823,77.923573
824,77.897078
825,77.870585
826,77.844092
827,77.817601
828,77.791111
829,77.764622
830,77.738135
831,77.711648
832,77.685163
833,77.658679
834,77.632196
835,77.605714
836,77.579234
837,77.552754
838,77.526276
839,77.499799
840,77.473323
841,77.446849
842,77.420375
843,77.393903
844,77.367432
845,77.340962
846,77.314494
847,77.288026
848,77.261560
849,77.235095
850,77.208631
851,77.182168
852,77.155707
853,77.129247
854,77.102787
855,77.076330
856,77.049873
857,77.023418
858,76.996963
859,76.970510
860,76.944058
861,76.917608
862,76.891158
863,76.864710
864,76.838263
865,76.811818
866,76.785373
867,76.758930
868,76.732488
869,76.706047
870,76.679607
871,76.653169
872,76.626732
873,76.600296
874,76.573861
875,76.547427
876,76.520995
877,76.494564
878,76.468134
879,76.441706
880,76.415278
881,76.388852
882,76.362427
883,76.336004
884,76.309581
885,76.283160
886,76.256740
887,76.230322
888,76.203904
889,76.177488
890,76.151073
891,76.124659
892,76.098247
893,76.071836
894,76.045426
895,76.019017
896,75.992610
897,75.966203
898,75.939799
899,75.913395
900,75.886993
901,75.860591
902,75.834191
903,75.807793
904,75.781396
905,75.754999
906,75.728605
907,75.702211
908,75.675819
909,75.649428
910,75.623038
911,75.596649
912,75.570262
913,75.543876
914,75.517492
915,75.491108
916,75.464726
917,75.438345
918,75.411966
919,75.385588
920,75.359211
921,75.332835
922,75.306460
923,75.280087
924,75.253715
925,75.227345
926,75.200976
927,75.174608
928,75.148241
929,75.121876
930,75.095511
931,75.069149
932,75.042787
933,75.016427
934,74.990068
935,74.963710
936,74.937354
937,74.910999
938,74.884645
939,74.858293
940,74.831942
941,74.805592
942,74.779243
943,74.752896
944,74.726550
945,74.700206
946,74.673862
947,74.647520
948,74.621180
949,74.594841
950,74.568503
951,74.542166
952,74.515830
953,74.489496
954,74.463164
955,74.436832
956,74.410502
957,74.384173
958,74.357846
959,74.331520
960,74.305195
961,74.278872
962,74.252550
963,74.226229
964,74.199909
965,74.173591
966,74.147274
967,74.120959
968,74.094645
969,74.068332
970,74.042020
971,74.015710
972,73.989402
973,73.963094
974,73.936788
975,73.910483
976,73.884180
977,73.857878
978,73.831577
979,73.805278
980,73.778980
981,73.752683
982,73.726388
983,73.700094
984,73.673801
985,73.647510
986,73.621220
987,73.594932
988,73.568645
989,73.542359
990,73.516074
991,73.489791
992,73.463509
993,73.437229
994,73.410950
995,73.384672
996,73.358396
997,73.332121
998,73.305848
999,73.279576
1000,73.253305
1001,73.227035
1002,73.200767
1003,73.174501
1004,73.148235
1005,73.121972
1006,73.095709
1007,73.069448
1008,73.043188
1009,73.016930
1010,72.990673
1011,72.964417
1012,72.938163
1013,72.911910
1014,72.885658
1015,72.859408
1016,72.833160
1017,72.806912
1018,72.780667
1019,72.754422
1020,72.728179
1021,72.701937
1022,72.675697
1023,72.649458
1024,72.623220
1025,72.596984
1026,72.570749
1027,72.544516
1028,72.518284
1029,72.492054
1030,72.465825
1031,72.439597
1032,72.413370
1033,72.387146
1034,72.360922
1035,72.334700
1036,72.308479
1037,72.282260
1038,72.256042
1039,72.229826
1040,72.203611
1041,72.177397
1042,72.151185
1043,72.124974
1044,72.098765
1045,72.072557
1046,72.046350
1047,72.020145
1048,71.993941
1049,71.967739
1050,71.941538
1051,71.915339
1052,71.889141
1053,71.862944
1054,71.836749
1055,71.810556
1056,71.784363
1057,71.758173
1058,71.731983
1059,71.705795
1060,71.679609
1061,71.653424
1062,71.627240
1063,71.601058
1064,71.574877
1065,71.548698
1066,71.522520
1067,71.496343
1068,71.470168
1069,71.443995
1070,71.417823
1071,71.391652
1072,71.365483
1073,71.339315
1074,71.313149
1075,71.286984
1076,71.260820
1077,71.234659
1078,71.208498
1079,71.182339
1080,71.156181
1081,71.130025
1082,71.103871
1083,71.077717
1084,71.051566
1085,71.025415
1086,70.999267
1087,70.973119
1088,70.946973
1089,70.920829
1090,70.894686
1091,70.868544
1092,70.842404
1093,70.816266
1094,70.790129
1095,70.763993
1096,70.737859
1097,70.711726
1098,70.685595
1099,70.659465
1100,70.633337
1101,70.607210
1102,70.581085
1103,70.554961
1104,70.528839
1105,70.502718
1106,70.476599
1107,70.450481
1108,70.424364
1109,70.398249
1110,70.372136
1111,70.346024
1112,70.319914
1113,70.293805
1114,70.267697
1115,70.241591
1116,70.215487
1117,70.189384
1118,70.163282
1119,70.137182
1120,70.111084
1121,70.084987
1122,70.058891
1123,70.032797
1124,70.006705
1125,69.980614
1126,69.954524
1127,69.928436
1128,69.902350
1129,69.876265
1130,69.850181
1131,69.824099
1132,69.798019
1133,69.771940
1134,69.745862
1135,69.719787
1136,69.693712
1137,69.667639
1138,69.641568
1139,69.615498
1140,69.589430
1141,69.563363
1142,69.537297
1143,69.511234
1144,69.485171
1145,69.459111
1146,69.433051
1147,69.406994
1148,69.380937
1149,69.354883
1150,69.328830
1151,69.302778
1152,69.276728
1153,69.250679
1154,69.224632
1155,69.198587
1156,69.172543
1157,69.146500
1158,69.120459
1159,69.094420
1160,69.068382
1161,69.042346
1162,69.016311
1163,68.990278
1164,68.964246
1165,68.938216
1166,68.912188
1167,68.886160
1168,68.860135
1169,68.834111
1170,68.808089
1171,68.782068
1172,68.756048
1173,68.730031
1174,68.704014
1175,68.678000
1176,68.651987
1177,68.625975
1178,68.599965
1179,68.573956
1180,68.547950
1181,68.521944
1182,68.495940
1183,68.469938
1184,68.443937
1185,68.417938
1186,68.391941
1187,68.365945
1188,68.339950
1189,68.313957
1190,68.287966
1191,68.261976
1192,68.235988
1193,68.210001
1194,68.184016
1195,68.158033
1196,68.132051
1197,68.106071
1198,68.080092
1199,68.054115
1200,68.028139
1201,68.002165
1202,67.976193
1203,67.950222
1204,67.924252
1205,67.898285
1206,67.872318
1207,67.846354
1208,67.820391
1209,67.794429
1210,67.768469
1211,67.742511
1212,67.716555
1213,67.690599
1214,67.664646
1215,67.638694
1216,67.612744
1217,67.586795
1218,67.560848
1219,67.534902
1220,67.508958
1221,67.483016
1222,67.457075
1223,67.431136
1224,67.405198
1225,67.379262
1226,67.353328
1227,67.327395
1228,67.301464
1229,67.275534
1230,67.249606
1231,67.223680
1232,67.197755
1233,67.171832
1234,67.145910
1235,67.119990
1236,67.094072
1237,67.068155
1238,67.042240
1239,67.016326
1240,66.990414
1241,66.964504
1242,66.938595
1243,66.912688
1244,66.886782
1245,66.860879
1246,66.834976
1247,66.809076
1248,66.783176
1249,66.757279
1250,66.731383
1251,66.705489
1252,66.679596
1253,66.653705
1254,66.627816
1255,66.601928
1256,66.576042
1257,66.550158
1258,66.524275
1259,66.498394
1260,66.472514
1261,66.446636
1262,66.420760
1263,66.394885
1264,66.369012
1265,66.343141
1266,66.317271
1267,66.291403
1268,66.265536
1269,66.239671
1270,66.213808
1271,66.187946
1272,66.162086
1273,66.136228
1274,66.110371
1275,66.084516
1276,66.058663
1277,66.032811
1278,66.006961
1279,65.981112
1280,65.955265
1281,65.929420
1282,65.903576
1283,65.877734
1284,65.851894
1285,65.826055
1286,65.800218
1287,65.774383
1288,65.748549
1289,65.722717
1290,65.696887
1291,65.671058
1292,65.645231
1293,65.619406
1294,65.593582
1295,65.567760
1296,65.541939
1297,65.516120
1298,65.490303
1299,65.464488
1300,65.438674
1301,65.412862
1302,65.387051
1303,65.361242
1304,65.335435
1305,65.309630
1306,65.283826
1307,65.258024
1308,65.232223
1309,65.206424
1310,65.180627
1311,65.154831
1312,65.129038
1313,65.103245
1314,65.077455
1315,65.051666
1316,65.025879
1317,65.000093
1318,64.974310
1319,64.948527
1320,64.922747
1321,64.896968
1322,64.871191
1323,64.845416
1324,64.819642
1325,64.793870
1326,64.768099
1327,64.742331
1328,64.716564
1329,64.690798
1330,64.665035
1331,64.639273
1332,64.613513
1333,64.587754
1334,64.561997
1335,64.536242
1336,64.510488
1337,64.484736
1338,64.458986
1339,64.433238
1340,64.407491
1341,64.381746
1342,64.356003
1343,64.330261
1344,64.304521
1345,64.278783
1346,64.253046
1347,64.227311
1348,64.201578
1349,64.175847
1350,64.150117
1351,64.124389
1352,64.098662
1353,64.072938
1354,64.047215
1355,64.021493
1356,63.995774
1357,63.970056
1358,63.944340
1359,63.918625
1360,63.892912
1361,63.867201
1362,63.841492
1363,63.815784
1364,63.790079
1365,63.764374
1366,63.738672
1367,63.712971
1368,63.687272
1369,63.661575
1370,63.635879
1371,63.610185
1372,63.584493
1373,63.558802
1374,63.533114
1375,63.507427
1376,63.481741
1377,63.456058
1378,63.430376
1379,63.404696
1380,63.379017
1381,63.353341
1382,63.327666
1383,63.301992
1384,63.276321
1385,63.250651
1386,63.224983
1387,63.199317
1388,63.173652
1389,63.147989
1390,63.122328
1391,63.096668
1392,63.071011
1393,63.045355
1394,63.019701
1395,62.994048
1396,62.968397
1397,62.942748
1398,62.917101
1399,62.891455
1400,62.865812
1401,62.840170
1402,62.814529
1403,62.788891
1404,62.763254
1405,62.737619
1406,62.711985
1407,62.686354
1408,62.660724
1409,62.635096
1410,62.609469
1411,62.583845
1412,62.558222
1413,62.532600
1414,62.506981
1415,62.481363
1416,62.455748
1417,62.430133
1418,62.404521
1419,62.378910
1420,62.353301
1421,62.327694
1422,62.302089
1423,62.276485
1424,62.250883
1425,62.225283
1426,62.199685
1427,62.174088
1428,62.148493
1429,62.122900
1430,62.097309
1431,62.071719
1432,62.046131
1433,62.020545
1434,61.994961
1435,61.969378
1436,61.943798
1437,61.918219
1438,61.892641
1439,61.867066
1440,61.841492
1441,61.815920
1442,61.790350
1443,61.764782
1444,61.739215
1445,61.713650
1446,61.688087
1447,61.662526
1448,61.636966
1449,61.611408
1450,61.585852
1451,61.560298
1452,61.534745
1453,61.509195
1454,61.483646
1455,61.458099
1456,61.432553
1457,61.407010
1458,61.381468
1459,61.355928
1460,61.330389
1461,61.304853
1462,61.279318
1463,61.253785
1464,61.228254
1465,61.202725
1466,61.177197
1467,61.151671
1468,61.126147
1469,61.100625
1470,61.075105
1471,61.049586
1472,61.024069
1473,60.998554
1474,60.973041
1475,60.947529
1476,60.922020
1477,60.896512
1478,60.871006
1479,60.845501
1480,60.819999
1481,60.794498
1482,60.768999
1483,60.743502
1484,60.718006
1485,60.692513
1486,60.667021
1487,60.641531
1488,60.616043
1489,60.590557
1490,60.565072
1491,60.539589
1492,60.514108
1493,60.488629
1494,60.463152
1495,60.437676
1496,60.412202
1497,60.386730
1498,60.361260
1499,60.335792
1500,60.310325
1501,60.284860
1502,60.259397
1503,60.233936
1504,60.208477
1505,60.183019
1506,60.157564
1507,60.132110
1508,60.106658
1509,60.081207
1510,60.055759
1511,60.030312
1512,60.004867
1513,59.979424
1514,59.953983
1515,59.928544
1516,59.903106
1517,59.877670
1518,59.852236
1519,59.826804
1520,59.801374
1521,59.775945
1522,59.750519
1523,59.725094
1524,59.699671
1525,59.674249
1526,59.648830
1527,59.623412
1528,59.597997
1529,59.572583
1530,59.547170
1531,59.521760
1532,59.496352
1533,59.470945
1534,59.445540
1535,59.420137
1536,59.394736
1537,59.369337
1538,59.343939
1539,59.318543
1540,59.293149
1541,59.267757
1542,59.242367
1543,59.216979
1544,59.191592
1545,59.166208
1546,59.140825
1547,59.115444
1548,59.090064
1549,59.064687
1550,59.039311
1551,59.013938
1552,58.988566
1553,58.963196
1554,58.937828
1555,58.912461
1556,58.887097
1557,58.861734
1558,58.836373
1559,58.811014
1560,58.785657
1561,58.760302
1562,58.734948
1563,58.709596
1564,58.684247
1565,58.658899
1566,58.633552
1567,58.608208
1568,58.582866
1569,58.557525
1570,58.532186
1571,58.506849
1572,58.481514
1573,58.456181
1574,58.430850
1575,58.405520
1576,58.380193
1577,58.354867
1578,58.329543
1579,58.304221
1580,58.278901
1581,58.253582
1582,58.228266
1583,58.202951
1584,58.177638
1585,58.152327
1586,58.127018
1587,58.101711
1588,58.076405
1589,58.051102
1590,58.025800
1591,58.000500
1592,57.975202
1593,57.949906
1594,57.924611
1595,57.899319
1596,57.874028
1597,57.848740
1598,57.823453
1599,57.798168
1600,57.772885
1601,57.747603
1602,57.722324
1603,57.697047
1604,57.671771
1605,57.646497
1606,57.621225
1607,57.595955
1608,57.570687
1609,57.545420
1610,57.520156
1611,57.494893
1612,57.469633
1613,57.444374
1614,57.419117
1615,57.393861
1616,57.368608
1617,57.343357
1618,57.318107
1619,57.292860
1620,57.267614
1621,57.242370
1622,57.217128
1623,57.191888
1624,57.166649
1625,57.141413
1626,57.116178
1627,57.090946
1628,57.065715
1629,57.040486
1630,57.015259
1631,56.990034
1632,56.964810
1633,56.939589
1634,56.914369
1635,56.889152
1636,56.863936
1637,56.838722
1638,56.813510
1639,56.788300
1640,56.763092
1641,56.737885
1642,56.712681
1643,56.687478
1644,56.662277
1645,56.637078
1646,56.611881
1647,56.586686
1648,56.561493
1649,56.536302
1650,56.511112
1651,56.485925
1652,56.460739
1653,56.435555
1654,56.410374
1655,56.385194
1656,56.360015
1657,56.334839
1658,56.309665
1659,56.284492
1660,56.259322
1661,56.234153
1662,56.208986
1663,56.183822
1664,56.158659
1665,56.133497
1666,56.108338
1667,56.083181
1668,56.058026
1669,56.032872
1670,56.007720
1671,55.982571
1672,55.957423
1673,55.932277
1674,55.907133
1675,55.881991
1676,55.856850
1677,55.831712
1678,55.806576
1679,55.781441
1680,55.756308
1681,55.731178
1682,55.706049
1683,55.680922
1684,55.655797
1685,55.630674
1686,55.605552
1687,55.580433
1688,55.555316
1689,55.530200
1690,55.505086
1691,55.479975
1692,55.454865
1693,55.429757
1694,55.404651
1695,55.379547
1696,55.354444
1697,55.329344
1698,55.304246
1699,55.279149
1700,55.254055
1701,55.228962
1702,55.203871
1703,55.178782
1704,55.153695
1705,55.128610
1706,55.103527
1707,55.078446
1708,55.053367
1709,55.028289
1710,55.003214
1711,54.978140
1712,54.953068
1713,54.927999
1714,54.902931
1715,54.877865
1716,54.852801
1717,54.827739
1718,54.802678
1719,54.777620
1720,54.752564
1721,54.727509
1722,54.702457
1723,54.677406
1724,54.652357
1725,54.627311
1726,54.602266
1727,54.577223
1728,54.552182
1729,54.527143
1730,54.502105
1731,54.477070
1732,54.452037
1733,54.427005
1734,54.401976
1735,54.376948
1736,54.351923
1737,54.326899
1738,54.301877
1739,54.276857
1740,54.251839
1741,54.226823
1742,54.201809
1743,54.176797
1744,54.151786
1745,54.126778
1746,54.101771
1747,54.076767
1748,54.051764
1749,54.026764
1750,54.001765
1751,53.976768
1752,53.951773
1753,53.926780
1754,53.901789
1755,53.876800
1756,53.851813
1757,53.826827
1758,53.801844
1759,53.776863
1760,53.751883
1761,53.726906
1762,53.701930
1763,53.676956
1764,53.651985
1765,53.627015
1766,53.602047
1767,53.577081
1768,53.552117
1769,53.527155
1770,53.502195
1771,53.477236
1772,53.452280
1773,53.427326
1774,53.402373
1775,53.377423
1776,53.352474
1777,53.327527
1778,53.302583
1779,53.277640
1780,53.252699
1781,53.227760
1782,53.202823
1783,53.177888
1784,53.152955
1785,53.128024
1786,53.103095
1787,53.078168
1788,53.053242
1789,53.028319
1790,53.003397
1791,52.978478
1792,52.953560
1793,52.928645
1794,52.903731
1795,52.878819
1796,52.853909
1797,52.829001
1798,52.804095
1799,52.779191
1800,52.754289
1801,52.729389
1802,52.704491
1803,52.679595
1804,52.654701
1805,52.629808
1806,52.604918
1807,52.580029
1808,52.555143
1809,52.530258
1810,52.505376
1811,52.480495
1812,52.455616
1813,52.430739
1814,52.405865
1815,52.380992
1816,52.356121
1817,52.331252
1818,52.306385
1819,52.281519
1820,52.256656
1821,52.231795
1822,52.206936
1823,52.182078
1824,52.157223
1825,52.132370
1826,52.107518
1827,52.082669
1828,52.057821
1829,52.032975
1830,52.008132
1831,51.983290
1832,51.958450
1833,51.933612
1834,51.908776
1835,51.883942
1836,51.859111
1837,51.834280
1838,51.809452
1839,51.784626
1840,51.759802
1841,51.734980
1842,51.710160
1843,51.685341
1844,51.660525
1845,51.635710
1846,51.610898
1847,51.586087
1848,51.561279
1849,51.536472
1850,51.511668
1851,51.486865
1852,51.462064
1853,51.437265
1854,51.412469
1855,51.387674
1856,51.362881
1857,51.338090
1858,51.313301
1859,51.288514
1860,51.263729
1861,51.238946
1862,51.214164
1863,51.189385
1864,51.164608
1865,51.139833
1866,51.115059
1867,51.090288
1868,51.065518
1869,51.040751
1870,51.015985
1871,50.991222
1872,50.966460
1873,50.941701
1874,50.916943
1875,50.892187
1876,50.867433
1877,50.842682
1878,50.817932
1879,50.793184
1880,50.768438
1881,50.743694
1882,50.718952
1883,50.694212
1884,50.669474
1885,50.644738
1886,50.620004
1887,50.595272
1888,50.570541
1889,50.545813
1890,50.521087
1891,50.496362
1892,50.471640
1893,50.446920
1894,50.422201
1895,50.397485
1896,50.372770
1897,50.348058
1898,50.323347
1899,50.298638
1900,50.273932
1901,50.249227
1902,50.224524
1903,50.199824
1904,50.175125
1905,50.150428
1906,50.125733
1907,50.101040
1908,50.076349
1909,50.051660
1910,50.026973
1911,50.002288
1912,49.977605
1913,49.952924
1914,49.928245
1915,49.903568
1916,49.878892
1917,49.854219
1918,49.829548
1919,49.804879
1920,49.780211
1921,49.755546
1922,49.730882
1923,49.706221
1924,49.681561
1925,49.656904
1926,49.632248
1927,49.607595
1928,49.582943
1929,49.558294
1930,49.533646
1931,49.509000
1932,49.484357
1933,49.459715
1934,49.435075
1935,49.410437
1936,49.385801
1937,49.361168
1938,49.336536
1939,49.311906
1940,49.287278
1941,49.262652
1942,49.238028
1943,49.213406
1944,49.188786
1945,49.164168
1946,49.139551
1947,49.114937
1948,49.090325
1949,49.065715
1950,49.041107
1951,49.016500
1952,48.991896
1953,48.967294
1954,48.942693
1955,48.918095
1956,48.893498
1957,48.868904
1958,48.844312
1959,48.819721
1960,48.795132
1961,48.770546
1962,48.745961
1963,48.721379
1964,48.696798
1965,48.672219
1966,48.647643
1967,48.623068
1968,48.598495
1969,48.573924
1970,48.549356
1971,48.524789
1972,48.500224
1973,48.475661
1974,48.451100
1975,48.426541
1976,48.401984
1977,48.377429
1978,48.352876
1979,48.328325
1980,48.303776
1981,48.279229
1982,48.254684
1983,48.230141
1984,48.205600
1985,48.181061
1986,48.156523
1987,48.131988
1988,48.107455
1989,48.082924
1990,48.058394
1991,48.033867
1992,48.009342
1993,47.984818
1994,47.960297
1995,47.935777
1996,47.911260
1997,47.886744
1998,47.862231
1999,47.837719
2000,47.813210
2001,47.788702
2002,47.764197
2003,47.739693
2004,47.715191
2005,47.690692
2006,47.666194
2007,47.641698
2008,47.617205
2009,47.592713
2010,47.568223
2011,47.543735
2012,47.519249
2013,47.494766
2014,47.470284
2015,47.445804
2016,47.421326
2017,47.396850
2018,47.372376
2019,47.347904
2020,47.323434
2021,47.298966
2022,47.274500
2023,47.250036
2024,47.225573
2025,47.201113
2026,47.176655
2027,47.152199
2028,47.127745
2029,47.103293
2030,47.078842
2031,47.054394
2032,47.029948
2033,47.005503
2034,46.981061
2035,46.956621
2036,46.932182
2037,46.907746
2038,46.883311
2039,46.858879
2040,46.834448
2041,46.810020
2042,46.785593
2043,46.761169
2044,46.736746
2045,46.712326
2046,46.687907
2047,46.663490
2048,46.639076
2049,46.614663
2050,46.590252
2051,46.565844
2052,46.541437
2053,46.517032
2054,46.492629
2055,46.468228
2056,46.443829
2057,46.419433
2058,46.395038
2059,46.370645
2060,46.346254
2061,46.321865
2062,46.297478
2063,46.273093
2064,46.248710
2065,46.224329
2066,46.199950
2067,46.175573
2068,46.151197
2069,46.126824
2070,46.102453
2071,46.078084
2072,46.053717
2073,46.029351
2074,46.004988
2075,45.980627
2076,45.956268
2077,45.931910
2078,45.907555
2079,45.883201
2080,45.858850
2081,45.834501
2082,45.810153
2083,45.785808
2084,45.761464
2085,45.737123
2086,45.712783
2087,45.688446
2088,45.664110
2089,45.639776
2090,45.615445
2091,45.591115
2092,45.566787
2093,45.542462
2094,45.518138
2095,45.493816
2096,45.469496
2097,45.445178
2098,45.420863
2099,45.396549
2100,45.372237
2101,45.347927
2102,45.323619
2103,45.299313
2104,45.275009
2105,45.250707
2106,45.226407
2107,45.202109
2108,45.177813
2109,45.153519
2110,45.129227
2111,45.104936
2112,45.080648
2113,45.056362
2114,45.032078
2115,45.007796
2116,44.983515
2117,44.959237
2118,44.934961
2119,44.910686
2120,44.886414
2121,44.862143
2122,44.837875
2123,44.813609
2124,44.789344
2125,44.765082
2126,44.740821
2127,44.716562
2128,44.692306
2129,44.668051
2130,44.643799
2131,44.619548
2132,44.595299
2133,44.571052
2134,44.546808
2135,44.522565
2136,44.498324
2137,44.474085
2138,44.449848
2139,44.425613
2140,44.401380
2141,44.377150
2142,44.352921
2143,44.328694
2144,44.304469
2145,44.280245
2146,44.256024
2147,44.231805
2148,44.207588
2149,44.183373
2150,44.159160
2151,44.134948
2152,44.110739
2153,44.086532
2154,44.062327
2155,44.038123
2156,44.013922
2157,43.989722
2158,43.965525
2159,43.941329
2160,43.917136
2161,43.892944
2162,43.868755
2163,43.844567
2164,43.820382
2165,43.796198
2166,43.772016
2167,43.747837
2168,43.723659
2169,43.699483
2170,43.675309
2171,43.651137
2172,43.626967
2173,43.602800
2174,43.578634
2175,43.554470
2176,43.530308
2177,43.506148
2178,43.481990
2179,43.457833
2180,43.433679
2181,43.409527
2182,43.385377
2183,43.361229
2184,43.337082
2185,43.312938
2186,43.288796
2187,43.264655
2188,43.240517
2189,43.216381
2190,43.192246
2191,43.168114
2192,43.143983
2193,43.119854
2194,43.095728
2195,43.071603
2196,43.047481
2197,43.023360
2198,42.999241
2199,42.975124
2200,42.951009
2201,42.926897
2202,42.902786
2203,42.878677
2204,42.854570
2205,42.830465
2206,42.806362
2207,42.782261
2208,42.758161
2209,42.734064
2210,42.709969
2211,42.685876
2212,42.661785
2213,42.637695
2214,42.613608
2215,42.589523
2216,42.565439
2217,42.541358
2218,42.517278
2219,42.493201
2220,42.469125
2221,42.445051
2222,42.420980
2223,42.396910
2224,42.372842
2225,42.348776
2226,42.324713
2227,42.300651
2228,42.276591
2229,42.252533
2230,42.228477
2231,42.204423
2232,42.180371
2233,42.156320
2234,42.132272
2235,42.108226
2236,42.084182
2237,42.060140
2238,42.036099
2239,42.012061
2240,41.988024
2241,41.963990
2242,41.939957
2243,41.915927
2244,41.891898
2245,41.867872
2246,41.843847
2247,41.819824
2248,41.795803
2249,41.771784
2250,41.747768
2251,41.723753
2252,41.699740
2253,41.675729
2254,41.651719
2255,41.627712
2256,41.603707
2257,41.579704
2258,41.555703
2259,41.531703
2260,41.507706
2261,41.483711
2262,41.459717
2263,41.435726
2264,41.411736
2265,41.387748
2266,41.363763
2267,41.339779
2268,41.315797
2269,41.291817
2270,41.267840
2271,41.243864
2272,41.219890
2273,41.195918
2274,41.171948
2275,41.147979
2276,41.124013
2277,41.100049
2278,41.076087
2279,41.052126
2280,41.028168
2281,41.004212
2282,40.980257
2283,40.956304
2284,40.932354
2285,40.908405
2286,40.884458
2287,40.860514
2288,40.836571
2289,40.812630
2290,40.788691
2291,40.764754
2292,40.740819
2293,40.716886
2294,40.692955
2295,40.669025
2296,40.645098
2297,40.621173
2298,40.597249
2299,40.573328
2300,40.549408
2301,40.525491
2302,40.501575
2303,40.477661
2304,40.453750
2305,40.429840
2306,40.405932
2307,40.382026
2308,40.358122
2309,40.334220
2310,40.310320
2311,40.286421
2312,40.262525
2313,40.238631
2314,40.214738
2315,40.190848
2316,40.166959
2317,40.143073
2318,40.119188
2319,40.095305
2320,40.071425
2321,40.047546
2322,40.023669
2323,39.999794
2324,39.975921
2325,39.952050
2326,39.928180
2327,39.904313
2328,39.880448
2329,39.856584
2330,39.832723
2331,39.808863
2332,39.785006
2333,39.761150
2334,39.737296
2335,39.713445
2336,39.689595
2337,39.665747
2338,39.641901
2339,39.618057
2340,39.594214
2341,39.570374
2342,39.546536
2343,39.522699
2344,39.498865
2345,39.475032
2346,39.451202
2347,39.427373
2348,39.403546
2349,39.379722
2350,39.355899
2351,39.332078
2352,39.308259
2353,39.284441
2354,39.260626
2355,39.236813
2356,39.213002
2357,39.189192
2358,39.165385
2359,39.141579
2360,39.117775
2361,39.093974
2362,39.070174
2363,39.046376
2364,39.022580
2365,38.998786
2366,38.974993
2367,38.951203
2368,38.927415
2369,38.903628
2370,38.879844
2371,38.856061
2372,38.832281
2373,38.808502
2374,38.784725
2375,38.760950
2376,38.737177
2377,38.713406
2378,38.689637
2379,38.665870
2380,38.642104
2381,38.618341
2382,38.594579
2383,38.570820
2384,38.547062
2385,38.523306
2386,38.499552
2387,38.475800
2388,38.452050
2389,38.428302
2390,38.404556
2391,38.380812
2392,38.357069
2393,38.333329
2394,38.309590
2395,38.285854
2396,38.262119
2397,38.238386
2398,38.214655
2399,38.190926
2400,38.167199
2401,38.143473
2402,38.119750
2403,38.096029
2404,38.072309
2405,38.048591
2406,38.024876
2407,38.001162
2408,37.977450
2409,37.953740
2410,37.930032
2411,37.906326
2412,37.882621
2413,37.858919
2414,37.835218
2415,37.811520
2416,37.787823
2417,37.764128
2418,37.740435
2419,37.716744
2420,37.693055
2421,37.669368
2422,37.645682
2423,37.621999
2424,37.598317
2425,37.574638
2426,37.550960
2427,37.527284
2428,37.503610
2429,37.479938
2430,37.456268
2431,37.432600
2432,37.408933
2433,37.385269
2434,37.361606
2435,37.337945
2436,37.314287
2437,37.290630
2438,37.266975
2439,37.243321
2440,37.219670
2441,37.196021
2442,37.172373
2443,37.148728
2444,37.125084
2445,37.101442
2446,37.077802
2447,37.054164
2448,37.030528
2449,37.006894
2450,36.983261
2451,36.959631
2452,36.936002
2453,36.912375
2454,36.888750
2455,36.865127
2456,36.841506
2457,36.817887
2458,36.794270
2459,36.770654
2460,36.747041
2461,36.723429
2462,36.699819
2463,36.676211
2464,36.652605
2465,36.629001
2466,36.605398
2467,36.581798
2468,36.558199
2469,36.534603
2470,36.511008
2471,36.487415
2472,36.463824
2473,36.440235
2474,36.416647
2475,36.393062
2476,36.369478
2477,36.345896
2478,36.322317
2479,36.298739
2480,36.275162
2481,36.251588
2482,36.228016
2483,36.204445
2484,36.180877
2485,36.157310
2486,36.133745
2487,36.110182
2488,36.086621
2489,36.063061
2490,36.039504
2491,36.015948
2492,35.992395
2493,35.968843
2494,35.945293
2495,35.921745
2496,35.898198
2497,35.874654
2498,35.851112
2499,35.827571
2500,35.804032
2501,35.780495
2502,35.756960
2503,35.733427
2504,35.709895
2505,35.686366
2506,35.662838
2507,35.639312
2508,35.615788
2509,35.592266
2510,35.568746
2511,35.545228
2512,35.521711
2513,35.498196
2514,35.474683
2515,35.451172
2516,35.427663
2517,35.404156
2518,35.380651
2519,35.357147
2520,35.333645
2521,35.310145
2522,35.286647
2523,35.263151
2524,35.239657
2525,35.216164
2526,35.192674
2527,35.169185
2528,35.145698
2529,35.122213
2530,35.098729
2531,35.075248
2532,35.051768
2533,35.028291
2534,35.004815
2535,34.981341
2536,34.957868
2537,34.934398
2538,34.910930
2539,34.887463
2540,34.863998
2541,34.840535
2542,34.817074
2543,34.793614
2544,34.770157
2545,34.746701
2546,34.723247
2547,34.699795
2548,34.676345
2549,34.652897
2550,34.629450
2551,34.606005
2552,34.582563
2553,34.559122
2554,34.535682
2555,34.512245
2556,34.488810
2557,34.465376
2558,34.441944
2559,34.418514
2560,34.395086
2561,34.371659
2562,34.348235
2563,34.324812
2564,34.301391
2565,34.277972
2566,34.254555
2567,34.231139
2568,34.207726
2569,34.184314
2570,34.160904
2571,34.137496
2572,34.114089
2573,34.090685
2574,34.067282
2575,34.043881
2576,34.020482
2577,33.997085
2578,33.973689
2579,33.950296
2580,33.926904
2581,33.903514
2582,33.880126
2583,33.856739
2584,33.833355
2585,33.809972
2586,33.786591
2587,33.763212
2588,33.739835
2589,33.716459
2590,33.693085
2591,33.669713
2592,33.646343
2593,33.622975
2594,33.599609
2595,33.576244
2596,33.552881
2597,33.529520
2598,33.506161
2599,33.482803
2600,33.459448
2601,33.436094
2602,33.412742
2603,33.389392
2604,33.366043
2605,33.342697
2606,33.319352
2607,33.296009
2608,33.272667
2609,33.249328
2610,33.225990
2611,33.202654
2612,33.179320
2613,33.155988
2614,33.132658
2615,33.109329
2616,33.086002
2617,33.062677
2618,33.039354
2619,33.016032
2620,32.992713
2621,32.969395
2622,32.946078
2623,32.922764
2624,32.899452
2625,32.876141
2626,32.852832
2627,32.829525
2628,32.806219
2629,32.782915
2630,32.759614
2631,32.736314
2632,32.713015
2633,32.689719
2634,32.666424
2635,32.643131
2636,32.619840
2637,32.596551
2638,32.573263
2639,32.549977
2640,32.526693
2641,32.503411
2642,32.480130
2643,32.456852
2644,32.433575
2645,32.410299
2646,32.387026
2647,32.363754
2648,32.340485
2649,32.317216
2650,32.293950
2651,32.270686
2652,32.247423
2653,32.224162
2654,32.200903
2655,32.177645
2656,32.154389
2657,32.131135
2658,32.107883
2659,32.084633
2660,32.061384
2661,32.038137
2662,32.014892
2663,31.991649
2664,31.968407
2665,31.945167
2666,31.921929
2667,31.898693
2668,31.875458
2669,31.852225
2670,31.828994
2671,31.805765
2672,31.782538
2673,31.759312
2674,31.736088
2675,31.712865
2676,31.689645
2677,31.666426
2678,31.643209
2679,31.619994
2680,31.596780
2681,31.573569
2682,31.550358
2683,31.527150
2684,31.503944
2685,31.480739
2686,31.457536
2687,31.434335
2688,31.411135
2689,31.387937
2690,31.364741
2691,31.341547
2692,31.318354
2693,31.295163
2694,31.271974
2695,31.248787
2696,31.225601
2697,31.202417
2698,31.179235
2699,31.156055
2700,31.132876
2701,31.109699
2702,31.086524
2703,31.063350
2704,31.040179
2705,31.017009
2706,30.993840
2707,30.970674
2708,30.947509
2709,30.924346
2710,30.901184
2711,30.878025
2712,30.854867
2713,30.831711
2714,30.808556
2715,30.785403
2716,30.762252
2717,30.739103
2718,30.715956
2719,30.692810
2720,30.669666
2721,30.646523
2722,30.623382
2723,30.600243
2724,30.577106
2725,30.553971
2726,30.530837
2727,30.507705
2728,30.484574
2729,30.461446
2730,30.438319
2731,30.415193
2732,30.392070
2733,30.368948
2734,30.345828
2735,30.322709
2736,30.299593
2737,30.276478
2738,30.253364
2739,30.230253
2740,30.207143
2741,30.184035
2742,30.160928
2743,30.137824
2744,30.114720
2745,30.091619
2746,30.068519
2747,30.045421
2748,30.022325
2749,29.999231
2750,29.976138
2751,29.953047
2752,29.929957
2753,29.906869
2754,29.883783
2755,29.860699
2756,29.837616
2757,29.814535
2758,29.791456
2759,29.768378
2760,29.745302
2761,29.722228
2762,29.699155
2763,29.676085
2764,29.653015
2765,29.629948
2766,29.606882
2767,29.583818
2768,29.560755
2769,29.537695
2770,29.514636
2771,29.491578
2772,29.468523
2773,29.445468
2774,29.422416
2775,29.399365
2776,29.376316
2777,29.353269
2778,29.330223
2779,29.307179
2780,29.284137
2781,29.261096
2782,29.238058
2783,29.215020
2784,29.191985
2785,29.168951
2786,29.145918
2787,29.122888
2788,29.099859
2789,29.076832
2790,29.053806
2791,29.030782
2792,29.007760
2793,28.984739
2794,28.961720
2795,28.938703
2796,28.915687
2797,28.892673
2798,28.869661
2799,28.846650
2800,28.823641
2801,28.800634
2802,28.777628
2803,28.754624
2804,28.731622
2805,28.708621
2806,28.685622
2807,28.662625
2808,28.639629
2809,28.616635
2810,28.593642
2811,28.570651
2812,28.547662
2813,28.524675
2814,28.501689
2815,28.478705
2816,28.455722
2817,28.432741
2818,28.409762
2819,28.386784
2820,28.363808
2821,28.340834
2822,28.317861
2823,28.294890
2824,28.271920
2825,28.248953
2826,28.225986
2827,28.203022
2828,28.180059
2829,28.157098
2830,28.134138
2831,28.111180
2832,28.088223
2833,28.065269
2834,28.042316
2835,28.019364
2836,27.996414
2837,27.973466
2838,27.950519
2839,27.927574
2840,27.904631
2841,27.881689
2842,27.858749
2843,27.835810
2844,27.812874
2845,27.789938
2846,27.767005
2847,27.744073
2848,27.721142
2849,27.698213
2850,27.675286
2851,27.652361
2852,27.629437
2853,27.606514
2854,27.583593
2855,27.560674
2856,27.537757
2857,27.514841
2858,27.491927
2859,27.469014
2860,27.446103
2861,27.423193
2862,27.400285
2863,27.377379
2864,27.354474
2865,27.331571
2866,27.308670
2867,27.285770
2868,27.262872
2869,27.239975
2870,27.217080
2871,27.194187
2872,27.171295
2873,27.148404
2874,27.125516
2875,27.102629
2876,27.079743
2877,27.056859
2878,27.033977
2879,27.011096
2880,26.988217
2881,26.965339
2882,26.942463
2883,26.919589
2884,26.896716
2885,26.873845
2886,26.850975
2887,26.828107
2888,26.805241
2889,26.782376
2890,26.759512
2891,26.736651
2892,26.713791
2893,26.690932
2894,26.668075
2895,26.645220
2896,26.622366
2897,26.599513
2898,26.576663
2899,26.553814
2900,26.530966
2901,26.508120
2902,26.485276
2903,26.462433
2904,26.439591
2905,26.416752
2906,26.393913
2907,26.371077
2908,26.348242
2909,26.325408
2910,26.302576
2911,26.279746
2912,26.256917
2913,26.234090
2914,26.211264
2915,26.188440
2916,26.165617
2917,26.142796
2918,26.119977
2919,26.097159
2920,26.074343
2921,26.051528
2922,26.028715
2923,26.005903
2924,25.983093
2925,25.960284
2926,25.937477
2927,25.914671
2928,25.891868
2929,25.869065
2930,25.846264
2931,25.823465
2932,25.800667
2933,25.777871
2934,25.755076
2935,25.732283
2936,25.709491
2937,25.686701
2938,25.663912
2939,25.641125
2940,25.618340
2941,25.595556
2942,25.572773
2943,25.549992
2944,25.527213
2945,25.504435
2946,25.481659
2947,25.458884
2948,25.436110
2949,25.413339
2950,25.390568
2951,25.367800
2952,25.345032
2953,25.322267
2954,25.299503
2955,25.276740
2956,25.253979
2957,25.231219
2958,25.208461
2959,25.185704
2960,25.162949
2961,25.140196
2962,25.117444
2963,25.094693
2964,25.071944
2965,25.049197
2966,25.026451
2967,25.003706
2968,24.980963
2969,24.958221
2970,24.935481
2971,24.912743
2972,24.890006
2973,24.867270
2974,24.844536
2975,24.821804
2976,24.799073
2977,24.776343
2978,24.753615
2979,24.730889
2980,24.708164
2981,24.685440
2982,24.662718
2983,24.639998
2984,24.617279
2985,24.594561
2986,24.571845
2987,24.549130
2988,24.526417
2989,24.503706
2990,24.480996
2991,24.458287
2992,24.435580
2993,24.412874
2994,24.390170
2995,24.367467
2996,24.344766
2997,24.322066
2998,24.299368
2999,24.276671
3000,24.253975
3001,24.231282
3002,24.208589
3003,24.185898
3004,24.163209
3005,24.140521
3006,24.117834
3007,24.095149
3008,24.072465
3009,24.049783
3010,24.027103
3011,24.004423
3012,23.981746
3013,23.959069
3014,23.936394
3015,23.913721
3016,23.891049
3017,23.868379
3018,23.845710
3019,23.823042
3020,23.800376
3021,23.777711
3022,23.755048
3023,23.732386
3024,23.709726
3025,23.687067
3026,23.664410
3027,23.641754
3028,23.619099
3029,23.596446
3030,23.573795
3031,23.551144
3032,23.528496
3033,23.505848
3034,23.483202
3035,23.460558
3036,23.437915
3037,23.415273
3038,23.392633
3039,23.369995
3040,23.347357
3041,23.324721
3042,23.302087
3043,23.279454
3044,23.256823
3045,23.234192
3046,23.211564
3047,23.188936
3048,23.166311
3049,23.143686
3050,23.121063
3051,23.098442
3052,23.075821
3053,23.053203
3054,23.030585
3055,23.007970
3056,22.985355
3057,22.962742
3058,22.940130
3059,22.917520
3060,22.894911
3061,22.872304
3062,22.849698
3063,22.827093
3064,22.804490
3065,22.781888
3066,22.759288
3067,22.736689
3068,22.714091
3069,22.691495
3070,22.668900
3071,22.646307
3072,22.623715
3073,22.601124
3074,22.578535
3075,22.555947
3076,22.533361
3077,22.510776
3078,22.488192
3079,22.465610
3080,22.443029
3081,22.420450
3082,22.397872
3083,22.375295
3084,22.352720
3085,22.330146
3086,22.307573
3087,22.285002
3088,22.262432
3089,22.239864
3090,22.217297
3091,22.194731
3092,22.172167
3093,22.149604
3094,22.127043
3095,22.104483
3096,22.081924
3097,22.059367
3098,22.036811
3099,22.014256
3100,21.991703
3101,21.969151
3102,21.946600
3103,21.924051
3104,21.901503
3105,21.878957
3106,21.856412
3107,21.833868
3108,21.811326
3109,21.788785
3110,21.766245
3111,21.743707
3112,21.721170
3113,21.698634
3114,21.676100
3115,21.653567
3116,21.631036
3117,21.608506
3118,21.585977
3119,21.563449
3120,21.540923
3121,21.518398
3122,21.495875
3123,21.473353
3124,21.450832
3125,21.428313
3126,21.405795
3127,21.383278
3128,21.360762
3129,21.338248
3130,21.315736
3131,21.293224
3132,21.270714
3133,21.248205
3134,21.225698
3135,21.203192
3136,21.180687
3137,21.158184
3138,21.135682
3139,21.113181
3140,21.090682
3141,21.068183
3142,21.045687
3143,21.023191
3144,21.000697
3145,20.978204
3146,20.955713
3147,20.933222
3148,20.910734
3149,20.888246
3150,20.865760
3151,20.843275
3152,20.820791
3153,20.798309
3154,20.775828
3155,20.753348
3156,20.730870
3157,20.708392
3158,20.685917
3159,20.663442
3160,20.640969
3161,20.618497
3162,20.596026
3163,20.573557
3164,20.551089
3165,20.528622
3166,20.506157
3167,20.483693
3168,20.461230
3169,20.438769
3170,20.416308
3171,20.393849
3172,20.371392
3173,20.348935
3174,20.326480
3175,20.304026
3176,20.281574
3177,20.259123
3178,20.236673
3179,20.214224
3180,20.191776
3181,20.169330
3182,20.146885
3183,20.124442
3184,20.102000
3185,20.079558
3186,20.057119
3187,20.034680
3188,20.012243
3189,19.989807
3190,19.967372
3191,19.944939
3192,19.922507
3193,19.900076
3194,19.877646
3195,19.855218
3196,19.832791
3197,19.810365
3198,19.787940
3199,19.765517
3200,19.743095
3201,19.720674
3202,19.698254
3203,19.675836
3204,19.653419
3205,19.631003
3206,19.608588
3207,19.586175
3208,19.563763
3209,19.541352
3210,19.518942
3211,19.496534
3212,19.474127
3213,19.451721
3214,19.429316
3215,19.406913
3216,19.384511
3217,19.362110
3218,19.339710
3219,19.317312
3220,19.294914
3221,19.272518
3222,19.250124
3223,19.227730
3224,19.205338
3225,19.182947
3226,19.160557
3227,19.138168
3228,19.115781
3229,19.093394
3230,19.071009
3231,19.048626
3232,19.026243
3233,19.003862
3234,18.981482
3235,18.959103
3236,18.936725
3237,18.914348
3238,18.891973
3239,18.869599
3240,18.847226
3241,18.824855
3242,18.802484
3243,18.780115
3244,18.757747
3245,18.735380
3246,18.713014
3247,18.690650
3248,18.668287
3249,18.645924
3250,18.623564
3251,18.601204
3252,18.578845
3253,18.556488
3254,18.534132
3255,18.511777
3256,18.489423
3257,18.467071
3258,18.444720
3259,18.422369
3260,18.400020
3261,18.377673
3262,18.355326
3263,18.332981
3264,18.310636
3265,18.288293
3266,18.265951
3267,18.243611
3268,18.221271
3269,18.198933
3270,18.176595
3271,18.154259
3272,18.131925
3273,18.109591
3274,18.087258
3275,18.064927
3276,18.042597
3277,18.020268
3278,17.997940
3279,17.975613
3280,17.953288
3281,17.930963
3282,17.908640
3283,17.886318
3284,17.863997
3285,17.841677
3286,17.819358
3287,17.797041
3288,17.774725
3289,17.752409
3290,17.730095
3291,17.707782
3292,17.685471
3293,17.663160
3294,17.640851
3295,17.618542
3296,17.596235
3297,17.573929
3298,17.551624
3299,17.529320
3300,17.507018
3301,17.484716
3302,17.462416
3303,17.440116
3304,17.417818
3305,17.395521
3306,17.373226
3307,17.350931
3308,17.328637
3309,17.306345
3310,17.284053
3311,17.261763
3312,17.239474
3313,17.217186
3314,17.194899
3315,17.172613
3316,17.150329
3317,17.128045
3318,17.105763
3319,17.083481
3320,17.061201
3321,17.038922
3322,17.016644
3323,16.994367
3324,16.972091
3325,16.949816
3326,16.927543
3327,16.905270
3328,16.882999
3329,16.860729
3330,16.838459
3331,16.816191
3332,16.793924
3333,16.771658
3334,16.749394
3335,16.727130
3336,16.704867
3337,16.682606
3338,16.660345
3339,16.638086
3340,16.615827
3341,16.593570
3342,16.571314
3343,16.549059
3344,16.526805
3345,16.504552
3346,16.482300
3347,16.460050
3348,16.437800
3349,16.415551
3350,16.393304
3351,16.371057
3352,16.348812
3353,16.326568
3354,16.304324
3355,16.282082
3356,16.259841
3357,16.237601
3358,16.215362
3359,16.193124
3360,16.170887
3361,16.148651
3362,16.126416
3363,16.104183
3364,16.081950
3365,16.059718
3366,16.037488
3367,16.015258
3368,15.993030
3369,15.970802
3370,15.948576
3371,15.926351
3372,15.904126
3373,15.881903
3374,15.859681
3375,15.837460
3376,15.815240
3377,15.793021
3378,15.770802
3379,15.748585
3380,15.726369
3381,15.704154
3382,15.681941
3383,15.659728
3384,15.637516
3385,15.615305
3386,15.593095
3387,15.570886
3388,15.548679
3389,15.526472
3390,15.504266
3391,15.482061
3392,15.459858
3393,15.437655
3394,15.415453
3395,15.393253
3396,15.371053
3397,15.348854
3398,15.326657
3399,15.304460
3400,15.282265
3401,15.260070
3402,15.237876
3403,15.215684
3404,15.193492
3405,15.171302
3406,15.149112
3407,15.126923
3408,15.104736
3409,15.082549
3410,15.060364
3411,15.038179
3412,15.015995
3413,14.993813
3414,14.971631
3415,14.949450
3416,14.927271
3417,14.905092
3418,14.882914
3419,14.860738
3420,14.838562
3421,14.816387
3422,14.794213
3423,14.772040
3424,14.749869
3425,14.727698
3426,14.705528
3427,14.683359
3428,14.661191
3429,14.639024
3430,14.616858
3431,14.594693
3432,14.572529
3433,14.550366
3434,14.528204
3435,14.506042
3436,14.483882
3437,14.461723
3438,14.439565
3439,14.417407
3440,14.395251
3441,14.373095
3442,14.350941
3443,14.328787
3444,14.306635
3445,14.284483
3446,14.262332
3447,14.240182
3448,14.218034
3449,14.195886
3450,14.173739
3451,14.151593
3452,14.129448
3453,14.107304
3454,14.085160
3455,14.063018
3456,14.040877
3457,14.018736
3458,13.996597
3459,13.974458
3460,13.952321
3461,13.930184
3462,13.908048
3463,13.885914
3464,13.863780
3465,13.841647
3466,13.819515
3467,13.797383
3468,13.775253
3469,13.753124
3470,13.730995
3471,13.708868
3472,13.686741
3473,13.664616
3474,13.642491
3475,13.620367
3476,13.598244
3477,13.576122
3478,13.554001
3479,13.531881
3480,13.509761
3481,13.487643
3482,13.465525
3483,13.443409
3484,13.421293
3485,13.399178
3486,13.377064
3487,13.354951
3488,13.332839
3489,13.310728
3490,13.288617
3491,13.266508
3492,13.244399
3493,13.222291
3494,13.200184
3495,13.178078
3496,13.155973
3497,13.133869
3498,13.111766
3499,13.089663
3500,13.067562
3501,13.045461
3502,13.023361
3503,13.001262
3504,12.979164
3505,12.957067
3506,12.934970
3507,12.912875
3508,12.890780
3509,12.868686
3510,12.846593
3511,12.824501
3512,12.802410
3513,12.780320
3514,12.758230
3515,12.736141
3516,12.714054
3517,12.691967
3518,12.669881
3519,12.647795
3520,12.625711
3521,12.603627
3522,12.581545
3523,12.559463
3524,12.537382
3525,12.515301
3526,12.493222
3527,12.471143
3528,12.449066
3529,12.426989
3530,12.404913
3531,12.382838
3532,12.360763
3533,12.338690
3534,12.316617
3535,12.294545
3536,12.272474
3537,12.250404
3538,12.228334
3539,12.206266
3540,12.184198
3541,12.162131
3542,12.140065
3543,12.117999
3544,12.095935
3545,12.073871
3546,12.051808
3547,12.029746
3548,12.007685
3549,11.985624
3550,11.963565
3551,11.941506
3552,11.919448
3553,11.897391
3554,11.875334
3555,11.853278
3556,11.831224
3557,11.809169
3558,11.787116
3559,11.765064
3560,11.743012
3561,11.720961
3562,11.698911
3563,11.676862
3564,11.654813
3565,11.632765
3566,11.610718
3567,11.588672
3568,11.566627
3569,11.544582
3570,11.522538
3571,11.500495
3572,11.478453
3573,11.456411
3574,11.434370
3575,11.412330
3576,11.390291
3577,11.368253
3578,11.346215
3579,11.324178
3580,11.302142
3581,11.280106
3582,11.258072
3583,11.236038
3584,11.214005
3585,11.191972
3586,11.169941
3587,11.147910
3588,11.125880
3589,11.103850
3590,11.081822
3591,11.059794
3592,11.037767
3593,11.015740
3594,10.993715
3595,10.971690
3596,10.949666
3597,10.927642
3598,10.905620
3599,10.883598
3600,10.861577
3601,10.839556
3602,10.817536
3603,10.795517
3604,10.773499
3605,10.751481
3606,10.729465
3607,10.707449
3608,10.685433
3609,10.663419
3610,10.641405
3611,10.619391
3612,10.597379
3613,10.575367
3614,10.553356
3615,10.531346
3616,10.509336
3617,10.487327
3618,10.465319
3619,10.443311
3620,10.421305
3621,10.399299
3622,10.377293
3623,10.355288
3624,10.333284
3625,10.311281
3626,10.289279
3627,10.267277
3628,10.245276
3629,10.223275
3630,10.201275
3631,10.179276
3632,10.157278
3633,10.135280
3634,10.113283
3635,10.091287
3636,10.069291
3637,10.047296
3638,10.025302
3639,10.003308
3640,9.981315
3641,9.959323
3642,9.937331
3643,9.915340
3644,9.893350
3645,9.871360
3646,9.849371
3647,9.827383
3648,9.805396
3649,9.783409
3650,9.761422
3651,9.739437
3652,9.717452
3653,9.695468
3654,9.673484
3655,9.651501
3656,9.629519
3657,9.607537
3658,9.585556
3659,9.563576
3660,9.541596
3661,9.519617
3662,9.497639
3663,9.475661
3664,9.453684
3665,9.431707
3666,9.409732
3667,9.387756
3668,9.365782
3669,9.343808
3670,9.321835
3671,9.299862
3672,9.277890
3673,9.255919
3674,9.233948
3675,9.211978
3676,9.190008
3677,9.168040
3678,9.146071
3679,9.124104
3680,9.102137
3681,9.080170
3682,9.058205
3683,9.036239
3684,9.014275
3685,8.992311
3686,8.970348
3687,8.948385
3688,8.926423
3689,8.904462
3690,8.882501
3691,8.860540
3692,8.838581
3693,8.816622
3694,8.794663
3695,8.772705
3696,8.750748
3697,8.728792
3698,8.706836
3699,8.684880
3700,8.662925
3701,8.640971
3702,8.619017
3703,8.597064
3704,8.575112
3705,8.553160
3706,8.531208
3707,8.509258
3708,8.487307
3709,8.465358
3710,8.443409
3711,8.421460
3712,8.399513
3713,8.377565
3714,8.355619
3715,8.333672
3716,8.311727
3717,8.289782
3718,8.267837
3719,8.245893
3720,8.223950
3721,8.202007
3722,8.180065
3723,8.158124
3724,8.136182
3725,8.114242
3726,8.092302
3727,8.070363
3728,8.048424
3729,8.026485
3730,8.004548
3731,7.982610
3732,7.960674
3733,7.938738
3734,7.916802
3735,7.894867
3736,7.872932
3737,7.850999
3738,7.829065
3739,7.807132
3740,7.785200
3741,7.763268
3742,7.741337
3743,7.719406
3744,7.697476
3745,7.675546
3746,7.653617
3747,7.631688
3748,7.609760
3749,7.587832
3750,7.565905
3751,7.543979
3752,7.522053
3753,7.500127
3754,7.478202
3755,7.456278
3756,7.434354
3757,7.412430
3758,7.390507
3759,7.368585
3760,7.346663
3761,7.324741
3762,7.302820
3763,7.280900
3764,7.258980
3765,7.237060
3766,7.215141
3767,7.193223
3768,7.171305
3769,7.149387
3770,7.127470
3771,7.105554
3772,7.083638
3773,7.061722
3774,7.039807
3775,7.017893
3776,6.995979
3777,6.974065
3778,6.952152
3779,6.930239
3780,6.908327
3781,6.886415
3782,6.864504
3783,6.842593
3784,6.820683
3785,6.798773
3786,6.776864
3787,6.754955
3788,6.733046
3789,6.711138
3790,6.689231
3791,6.667324
3792,6.645417
3793,6.623511
3794,6.601606
3795,6.579700
3796,6.557796
3797,6.535891
3798,6.513987
3799,6.492084
3800,6.470181
3801,6.448278
3802,6.426376
3803,6.404475
3804,6.382573
3805,6.360673
3806,6.338772
3807,6.316872
3808,6.294973
3809,6.273074
3810,6.251175
3811,6.229277
3812,6.207380
3813,6.185482
3814,6.163585
3815,6.141689
3816,6.119793
3817,6.097897
3818,6.076002
3819,6.054107
3820,6.032213
3821,6.010319
3822,5.988425
3823,5.966532
3824,5.944640
3825,5.922747
3826,5.900855
3827,5.878964
3828,5.857073
3829,5.835182
3830,5.813292
3831,5.791402
3832,5.769512
3833,5.747623
3834,5.725735
3835,5.703846
3836,5.681959
3837,5.660071
3838,5.638184
3839,5.616297
3840,5.594411
3841,5.572525
3842,5.550639
3843,5.528754
3844,5.506869
3845,5.484985
3846,5.463101
3847,5.441217
3848,5.419334
3849,5.397451
3850,5.375568
3851,5.353686
3852,5.331804
3853,5.309923
3854,5.288042
3855,5.266161
3856,5.244281
3857,5.222401
3858,5.200521
3859,5.178642
3860,5.156763
3861,5.134884
3862,5.113006
3863,5.091128
3864,5.069251
3865,5.047374
3866,5.025497
3867,5.003620
3868,4.981744
3869,4.959869
3870,4.937993
3871,4.916118
3872,4.894243
3873,4.872369
3874,4.850495
3875,4.828621
3876,4.806748
3877,4.784875
3878,4.763002
3879,4.741129
3880,4.719257
3881,4.697386
3882,4.675514
3883,4.653643
3884,4.631772
3885,4.609902
3886,4.588032
3887,4.566162
3888,4.544292
3889,4.522423
3890,4.500554
3891,4.478686
3892,4.456817
3893,4.434949
3894,4.413082
3895,4.391214
3896,4.369347
3897,4.347481
3898,4.325614
3899,4.303748
3900,4.281882
3901,4.260017
3902,4.238151
3903,4.216286
3904,4.194422
3905,4.172557
3906,4.150693
3907,4.128829
3908,4.106966
3909,4.085103
3910,4.063240
3911,4.041377
3912,4.019515
3913,3.997653
3914,3.975791
3915,3.953929
3916,3.932068
3917,3.910207
3918,3.888346
3919,3.866486
3920,3.844625
3921,3.822765
3922,3.800906
3923,3.779046
3924,3.757187
3925,3.735328
3926,3.713470
3927,3.691611
3928,3.669753
3929,3.647895
3930,3.626038
3931,3.604180
3932,3.582323
3933,3.560466
3934,3.538610
3935,3.516753
3936,3.494897
3937,3.473041
3938,3.451186
3939,3.429330
3940,3.407475
3941,3.385620
3942,3.363765
3943,3.341911
3944,3.320057
3945,3.298202
3946,3.276349
3947,3.254495
3948,3.232642
3949,3.210789
3950,3.188936
3951,3.167083
3952,3.145231
3953,3.123378
3954,3.101526
3955,3.079675
3956,3.057823
3957,3.035972
3958,3.014120
3959,2.992270
3960,2.970419
3961,2.948568
3962,2.926718
3963,2.904868
3964,2.883018
3965,2.861168
3966,2.839319
3967,2.817469
3968,2.795620
3969,2.773771
3970,2.751922
3971,2.730074
3972,2.708225
3973,2.686377
3974,2.664529
3975,2.642681
3976,2.620834
3977,2.598986
3978,2.577139
3979,2.555292
3980,2.533445
3981,2.511598
3982,2.489752
3983,2.467905
3984,2.446059
3985,2.424213
3986,2.402367
3987,2.380521
3988,2.358676
3989,2.336830
3990,2.314985
3991,2.293140
3992,2.271295
3993,2.249450
3994,2.227606
3995,2.205761
3996,2.183917
3997,2.162073
3998,2.140229
3999,2.118385
4000,2.096541
4001,2.074698
4002,2.052854
4003,2.031011
4004,2.009168
4005,1.987325
4006,1.965482
4007,1.943639
4008,1.921797
4009,1.899954
4010,1.878112
4011,1.856270
4012,1.834428
4013,1.812586
4014,1.790744
4015,1.768902
4016,1.747061
4017,1.725219
4018,1.703378
4019,1.681537
4020,1.659696
4021,1.637855
4022,1.616014
4023,1.594173
4024,1.572333
4025,1.550492
4026,1.528652
4027,1.506811
4028,1.484971
4029,1.463131
4030,1.441291
4031,1.419451
4032,1.397611
4033,1.375772
4034,1.353932
4035,1.332093
4036,1.310253
4037,1.288414
4038,1.266575
4039,1.244736
4040,1.222896
4041,1.201058
4042,1.179219
4043,1.157380
4044,1.135541
4045,1.113702
4046,1.091864
4047,1.070025
4048,1.048187
4049,1.026349
4050,1.004510
4051,0.982672
4052,0.960834
4053,0.938996
4054,0.917158
4055,0.895320
4056,0.873482
4057,0.851644
4058,0.829806
4059,0.807969
4060,0.786131
4061,0.764293
4062,0.742456
4063,0.720618
4064,0.698781
4065,0.676944
4066,0.655106
4067,0.633269
4068,0.611432
4069,0.589594
4070,0.567757
4071,0.545920
4072,0.524083
4073,0.502246
4074,0.480409
4075,0.458572
4076,0.436735
4077,0.414898
4078,0.393061
4079,0.371224
4080,0.349387
4081,0.327551
4082,0.305714
4083,0.283877
4084,0.262040
4085,0.240203
4086,0.218367
4087,0.196530
4088,0.174693
4089,0.152857
4090,0.131020
4091,0.109183
4092,0.087347
4093,0.065510
4094,0.043673
4095,0.021837
